NumVol,Classe,CoeffPrix
V101,Touriste,3
V101,Business,2
V102,Economique,5
V102,Touriste,3
V102,Business,2
V103,Economique,5
V103,Touriste,3
V103,Business,2
V104,Economique,5
V104,Touriste,3
V104,Business,2
V105,Economique,5
V105,Touriste,3
V105,Business,2
V106,Economique,5
V106,Touriste,3
V106,Business,2
V107,Economique,5
V107,Touriste,3
V107,Business,2
V108,Economique,5
V108,Touriste,3
V108,Business,2
V109,Economique,5
V109,Touriste,3
V109,Business,2
V110,Economique,5
V110,Touriste,3
V110,Business,2
V111,Economique,5
V111,Touriste,3
V111,Business,2
V112,Economique,5
V112,Touriste,3
V112,Business,2
V113,Economique,5
V113,Touriste,3
V113,Business,2
V114,Economique,5
V114,Touriste,3
V114,Business,2
V115,Economique,5
V115,Touriste,3
V115,Business,2
V116,Economique,5
V116,Touriste,3
V116,Business,2
V117,Economique,5
V117,Touriste,3
V117,Business,2
V118,Economique,5
V118,Touriste,3
V118,Business,2
V119,Economique,5
V119,Touriste,3
V119,Business,2
V120,Economique,5
V120,Touriste,3
V120,Business,2
V141,Economique,4
V141,Touriste,3
V141,Business,3
V142,Economique,4
V142,Touriste,3
V142,Business,3
V143,Economique,4
V143,Touriste,3
V143,Business,3
V144,Economique,4
V144,Touriste,3
V144,Business,3
V145,Economique,4
V145,Touriste,3
V145,Business,3
V146,Economique,4
V146,Touriste,3
V146,Business,3
V147,Economique,4
V147,Touriste,3
V147,Business,3
V148,Economique,4
V148,Touriste,3
V148,Business,3
V149,Economique,4
V149,Touriste,3
V149,Business,3
V150,Economique,4
V150,Touriste,3
V150,Business,3
V151,Economique,4
V151,Touriste,3
V151,Business,3
V152,Economique,4
V152,Touriste,3
V152,Business,3
V153,Economique,4
V153,Touriste,3
V153,Business,3
V154,Economique,4
V154,Touriste,3
V154,Business,3
V155,Economique,4
V155,Touriste,3
V155,Business,3
V156,Economique,4
V156,Touriste,3
V156,Business,3
V157,Economique,4
V157,Touriste,3
V157,Business,3
V180,Economique,5
V180,Touriste,5
V181,Economique,5
V181,Touriste,5
V182,Economique,5
V182,Touriste,5
V183,Economique,5
V183,Touriste,5
V184,Economique,5
V184,Touriste,5
V185,Economique,5
V185,Touriste,5
V186,Economique,5
V186,Touriste,5
V187,Economique,5
V187,Touriste,5
V188,Economique,5
V188,Touriste,5
V189,Economique,5
V189,Touriste,5
V190,Economique,5
V190,Touriste,5
V191,Economique,5
V191,Touriste,5
V192,Economique,5
V192,Touriste,5
V193,Economique,5
V193,Touriste,5
V194,Economique,5
V194,Touriste,5
V195,Economique,5
V195,Touriste,5
V196,Economique,5
V196,Touriste,5
V197,Economique,5
V197,Touriste,5
V198,Economique,5
V198,Touriste,5
V199,Economique,5
V199,Touriste,5
V200,Economique,5
V200,Touriste,5
V211,Economique,5
V211,Touriste,3
V211,Business,2
V212,Economique,5
V212,Touriste,3
V212,Business,2
V213,Economique,5
V213,Touriste,3
V213,Business,2
V214,Economique,5
V214,Touriste,3
V214,Business,2
V215,Economique,5
V215,Touriste,3
V215,Business,2
V216,Economique,5
V216,Touriste,3
V216,Business,2
V217,Economique,5
V217,Touriste,3
V217,Business,2
V218,Economique,5
V218,Touriste,3
V218,Business,2
V219,Economique,5
V219,Touriste,3
V219,Business,2
V220,Economique,5
V220,Touriste,3
V220,Business,2
V221,Economique,5
V221,Touriste,3
V221,Business,2
V222,Economique,5
V222,Touriste,3
V222,Business,2
V223,Economique,5
V223,Touriste,3
V223,Business,2
V224,Economique,5
V224,Touriste,3
V224,Business,2
V265,Economique,5
V265,Touriste,3
V265,Business,2
V350,Economique,5
V350,Touriste,3
V350,Business,2
V351,Economique,5
V351,Touriste,3
V351,Business,2
V420,Economique,5
V420,Touriste,3
V420,Business,2
V501,Economique,5
V501,Touriste,3
V501,Business,2
V502,Economique,5
V502,Touriste,3
V502,Business,2
V503,Economique,5
V503,Touriste,3
V503,Business,2
V504,Economique,5
V504,Touriste,3
V504,Business,2
V505,Economique,5
V505,Touriste,3
V505,Business,2
V506,Economique,5
V506,Touriste,3
V506,Business,2
V507,Economique,5
V507,Touriste,3
V507,Business,2
V508,Economique,5
V508,Touriste,3
V508,Business,2
V509,Economique,5
V509,Touriste,3
V509,Business,2
V510,Economique,5
V510,Touriste,3
V510,Business,2
V511,Economique,5
V511,Touriste,3
V511,Business,2
V512,Economique,5
V512,Touriste,3
V512,Business,2
V513,Economique,5
V513,Touriste,3
V513,Business,2
V514,Economique,5
V514,Touriste,3
V514,Business,2
V515,Economique,5
V515,Touriste,3
V515,Business,2
V516,Economique,5
V516,Touriste,3
V516,Business,2
V517,Economique,5
V517,Touriste,3
V517,Business,2
V518,Economique,5
V518,Touriste,3
V518,Business,2
V519,Economique,5
V519,Touriste,3
V519,Business,2
V520,Economique,5
V520,Touriste,3
V520,Business,2
V521,Economique,5
V521,Touriste,3
V521,Business,2
V522,Economique,5
V522,Touriste,3
V522,Business,2
V523,Economique,5
V523,Touriste,3
V523,Business,2
V524,Economique,5
V524,Touriste,3
V524,Business,2
V525,Economique,5
V525,Touriste,3
V525,Business,2
V526,Economique,5
V526,Touriste,3
V526,Business,2
V527,Economique,5
V527,Touriste,3
V527,Business,2
V528,Economique,5
V528,Touriste,3
V528,Business,2
V529,Economique,5
V529,Touriste,3
V529,Business,2
V530,Economique,5
V530,Touriste,3
V530,Business,2
V601,Economique,5
V601,Touriste,3
V601,Business,2
V602,Economique,5
V602,Touriste,3
V602,Business,2
V603,Economique,5
V603,Touriste,3
V603,Business,2
V604,Economique,5
V604,Touriste,3
V604,Business,2
V605,Economique,5
V605,Touriste,3
V605,Business,2
V606,Economique,5
V606,Touriste,3
V606,Business,2
V607,Economique,5
V607,Touriste,3
V607,Business,2
V608,Economique,5
V608,Touriste,3
V608,Business,2
V609,Economique,5
V609,Touriste,3
V609,Business,2
V610,Economique,5
V610,Touriste,3
V610,Business,2
V611,Economique,5
V611,Touriste,3
V611,Business,2
V612,Economique,5
V612,Touriste,3
V612,Business,2
V613,Economique,5
V613,Touriste,3
V613,Business,2
V614,Economique,5
V614,Touriste,3
V614,Business,2
V615,Economique,5
V615,Touriste,3
V615,Business,2
V616,Economique,5
V616,Touriste,3
V616,Business,2
V617,Economique,5
V617,Touriste,3
V617,Business,2
V618,Economique,5
V618,Touriste,3
V618,Business,2
V619,Economique,5
V619,Touriste,3
V619,Business,2
V620,Economique,5
V620,Touriste,3
V620,Business,2
V621,Economique,5
V621,Touriste,3
V621,Business,2
V622,Economique,5
V622,Touriste,3
V622,Business,2
V623,Economique,5
V623,Touriste,3
V623,Business,2
V624,Economique,5
V624,Touriste,3
V624,Business,2
V625,Economique,5
V625,Touriste,3
V625,Business,2
V626,Economique,5
V626,Touriste,3
V626,Business,2
V627,Economique,5
V627,Touriste,3
V627,Business,2
V628,Economique,5
V628,Touriste,3
V628,Business,2
V629,Economique,5
V629,Touriste,3
V629,Business,2
V630,Economique,5
V630,Touriste,3
V630,Business,2
V681,Economique,5
V681,Touriste,3
V681,Business,2
V682,Economique,5
V682,Touriste,3
V682,Business,2
V683,Economique,5
V683,Touriste,3
V683,Business,2
V684,Economique,5
V684,Touriste,3
V684,Business,2
V685,Economique,5
V685,Touriste,3
V685,Business,2
V686,Economique,5
V686,Touriste,3
V686,Business,2
V687,Economique,5
V687,Touriste,3
V687,Business,2
V688,Economique,5
V688,Touriste,3
V688,Business,2
V689,Economique,5
V689,Touriste,3
V689,Business,2
V690,Economique,5
V690,Touriste,3
V690,Business,2
V691,Economique,5
V691,Touriste,3
V691,Business,2
V692,Economique,5
V692,Touriste,3
V692,Business,2
V693,Economique,5
V693,Touriste,3
V693,Business,2
V694,Economique,5
V694,Touriste,3
V694,Business,2
V787,Economique,5
V787,Touriste,3
V787,Business,2
V788,Economique,5
V788,Touriste,3
V788,Business,2
V789,Economique,5
V789,Touriste,3
V789,Business,2
V790,Economique,5
V790,Touriste,3
V790,Business,2
V791,Economique,5
V791,Touriste,3
V791,Business,2
V804,Economique,5
V804,Touriste,3
V804,Business,2
V805,Economique,5
V805,Touriste,3
V805,Business,2
V806,Economique,5
V806,Touriste,3
V806,Business,2
V807,Economique,5
V807,Touriste,3
V807,Business,2
V808,Economique,5
V808,Touriste,3
V808,Business,2
V809,Economique,5
V809,Touriste,3
V809,Business,2
V882,Economique,5
V882,Touriste,3
V882,Business,2
V883,Economique,5
V883,Touriste,3
V883,Business,2
V884,Economique,5
V884,Touriste,3
V884,Business,2
V885,Economique,5
V885,Touriste,3
V885,Business,2
V886,Economique,5
V886,Touriste,3
V886,Business,2
V887,Economique,5
V887,Touriste,3
V887,Business,2
V888,Economique,5
V888,Touriste,3
V888,Business,2
V889,Economique,5
V889,Touriste,3
V889,Business,2
V890,Economique,5
V890,Touriste,3
V890,Business,2
V901,Economique,5
V901,Touriste,3
V901,Business,2
V902,Economique,5
V902,Touriste,3
V902,Business,2
V903,Economique,5
V903,Touriste,3
V903,Business,2
V904,Economique,5
V904,Touriste,3
V904,Business,2
V905,Economique,5
V905,Touriste,3
V905,Business,2
V906,Economique,5
V906,Touriste,3
V906,Business,2
V907,Economique,5
V907,Touriste,3
V907,Business,2
V908,Economique,5
V908,Touriste,3
V908,Business,2
V909,Economique,5
V909,Touriste,3
V909,Business,2
V910,Economique,5
V910,Touriste,3
V910,Business,2
V911,Economique,5
V911,Touriste,3
V911,Business,2
V912,Economique,5
V912,Touriste,3
V912,Business,2
V913,Economique,5
V913,Touriste,3
V913,Business,2
V914,Economique,5
V914,Touriste,3
V914,Business,2
V915,Economique,5
V915,Touriste,3
V915,Business,2
V916,Economique,5
V916,Touriste,3
V916,Business,2
V917,Economique,5
V917,Touriste,3
V917,Business,2
V918,Economique,5
V918,Touriste,3
V918,Business,2
V919,Economique,5
V919,Touriste,3
V919,Business,2
V920,Economique,5
V920,Touriste,3
V920,Business,2
V921,Economique,5
V921,Touriste,3
V921,Business,2
V922,Economique,5
V922,Touriste,3
V922,Business,2
V923,Economique,5
V923,Touriste,3
V923,Business,2
V924,Economique,5
V924,Touriste,3
V924,Business,2
V925,Economique,5
V925,Touriste,3
V925,Business,2
V926,Economique,5
V926,Touriste,3
V926,Business,2
V927,Economique,5
V927,Touriste,3
V927,Business,2
V928,Economique,5
V928,Touriste,3
V928,Business,2
V929,Economique,5
V929,Touriste,3
V929,Business,2
